,ex_name,muscle_group,ex_mech_type,ex_type,ex_equipment,level,reps,sets,main-muscle-worked,movement_size,load_size
0,plate row,upperbody,Compound,Horizontal Pull,barbell,beginner,0,0,Middle Back,Largest,Heaviest
1,yates row,upperbody,Compound,Horizontal Pull,barbell,beginner,0,0,Middle Back,Largest,Heaviest
2,single-arm landmine row,upperbody,Compound,Horizontal Pull,barbell,intermediate,0,0,Middle Back,Largest,Heaviest
3,rockers (pullover to press) straight bar,upperbody,Compound,Vertical Pull,barbell,intermediate,0,0,Lats,Largest,Heaviest
4,lying cambered barbell row,upperbody,Compound,Horizontal Pull,barbell,beginner,0,0,Middle Back,Largest,Heaviest
5,straight bar bench mid rows,upperbody,Compound,Horizontal Pull,barbell,beginner,0,0,Middle Back,Largest,Heaviest
6,barbell guillotine bench press,upperbody,Compound,Horizontal Push,barbell,intermediate,0,0,Chest,Largest,Heaviest
7,barbell bench press-wide grip,upperbody,Compound,Horizontal Push,barbell,beginner,0,0,Chest,Largest,Heaviest
8,incline bench pull,upperbody,Compound,Horizontal Pull,barbell,beginner,0,0,Middle Back,Largest,Heaviest
9,bent-arm barbell pullover,upperbody,Compound,Vertical Pull,barbell,intermediate,0,0,Lats,Largest,Heaviest
10,reverse band bench press,upperbody,Compound,Horizontal Push,barbell,intermediate,0,0,Chest,Largest,Heaviest
11,pendlay rown,upperbody,Compound,Horizontal Pull,barbell,intermediate,0,0,Middle Back,Largest,Heaviest
12,yates row reverse grip,upperbody,Compound,Horizontal Pull,barbell,beginner,0,0,Middle Back,Largest,Heaviest
13,one leg barbell squat,upperbody,Compound,Squat,barbell,expert,0,0,Quadriceps,Largest,Heaviest
14,bent over barbell row,upperbody,Compound,Horizontal Pull,barbell,beginner,0,0,Middle Back,Largest,Heaviest
15,neck press,upperbody,Compound,Horizontal Push,barbell,intermediate,0,0,Chest,Largest,Heaviest
16,barbell incline bench press medium-grip,upperbody,Compound,Horizontal Push,barbell,beginner,0,0,Chest,Largest,Heaviest
17,decline barbell bench press,upperbody,Compound,Horizontal Push,barbell,beginner,0,0,Chest,Largest,Heaviest
18,wide-grip barbell bench press,upperbody,Compound,Horizontal Push,barbell,intermediate,0,0,Chest,Largest,Heaviest
19,t-bar row,upperbody,Compound,Horizontal Pull,barbell,intermediate,0,0,Middle Back,Largest,Heaviest
20,wide-grip decline barbell bench press,upperbody,Compound,Horizontal Push,barbell,intermediate,0,0,Chest,Largest,Heaviest
21,bent over one-arm long bar row,upperbody,Compound,Horizontal Pull,barbell,beginner,0,0,Middle Back,Largest,Heaviest
22,bent over two-arm long bar row,upperbody,Compound,Horizontal Pull,barbell,intermediate,0,0,Middle Back,Largest,Heaviest
23,one-arm long bar row,upperbody,Compound,Horizontal Pull,barbell,beginner,0,0,Middle Back,Largest,Heaviest
24,barbell bench press - medium grip,upperbody,Compound,Horizontal Push,barbell,beginner,0,0,Chest,Largest,Heaviest
25,reverse grip bent-over rows,upperbody,Compound,Horizontal Pull,barbell,intermediate,0,0,Middle Back,Largest,Heaviest
26,t-bar row with handle,upperbody,Compound,Horizontal Pull,barbell,beginner,0,0,Middle Back,Largest,Heaviest
27,barbell RDL,upperbody,Compound,Hinge,barbell,beginner,6,3,Middle Back,Largest,Heaviest
28,barbell bench press,upperbody,Compound,Horizontal Push,barbell,beginner,3,6,Chest,Largest,Heaviest
29,barbell bentover row,upperbody,Compound,Horizontal Pull,barbell,beginner,6,4,Middle Back,Largest,Heaviest
30,barbell incline press,upperbody,Compound,Horizontal Push,barbell,beginner,3,5,Chest,Largest,Heaviest
31,barbell overhead press,upperbody,Compound,Vertical Push,barbell,beginner,6,3,Middle Back,Largest,Heaviest
32,plate row,upperbody,Compound,Horizontal Pull,barbell,beginner,0,0,Middle Back,Large,Heavy
33,yates row,upperbody,Compound,Horizontal Pull,barbell,beginner,0,0,Middle Back,Large,Heavy
34,single-arm landmine row,upperbody,Compound,Horizontal Pull,barbell,intermediate,0,0,Middle Back,Large,Heavy
35,rockers (pullover to press) straight bar,upperbody,Compound,Vertical Pull,barbell,intermediate,0,0,Lats,Large,Heavy
36,lying cambered barbell row,upperbody,Compound,Horizontal Pull,barbell,beginner,0,0,Middle Back,Large,Heavy
37,straight bar bench mid rows,upperbody,Compound,Horizontal Pull,barbell,beginner,0,0,Middle Back,Large,Heavy
38,barbell guillotine bench press,upperbody,Compound,Horizontal Push,barbell,intermediate,0,0,Chest,Large,Heavy
39,barbell bench press-wide grip,upperbody,Compound,Horizontal Push,barbell,beginner,0,0,Chest,Large,Heavy
40,incline bench pull,upperbody,Compound,Horizontal Pull,barbell,beginner,0,0,Middle Back,Large,Heavy
41,bent-arm barbell pullover,upperbody,Compound,Vertical Pull,barbell,intermediate,0,0,Lats,Large,Heavy
42,reverse band bench press,upperbody,Compound,Horizontal Push,barbell,intermediate,0,0,Chest,Large,Heavy
43,pendlay rown,upperbody,Compound,Horizontal Pull,barbell,intermediate,0,0,Middle Back,Large,Heavy
44,yates row reverse grip,upperbody,Compound,Horizontal Pull,barbell,beginner,0,0,Middle Back,Large,Heavy
45,one leg barbell squat,upperbody,Compound,Squat,barbell,expert,0,0,Quadriceps,Large,Heavy
46,bent over barbell row,upperbody,Compound,Horizontal Pull,barbell,beginner,0,0,Middle Back,Large,Heavy
47,neck press,upperbody,Compound,Horizontal Push,barbell,intermediate,0,0,Chest,Large,Heavy
48,barbell incline bench press medium-grip,upperbody,Compound,Horizontal Push,barbell,beginner,0,0,Chest,Large,Heavy
49,decline barbell bench press,upperbody,Compound,Horizontal Push,barbell,beginner,0,0,Chest,Large,Heavy
50,wide-grip barbell bench press,upperbody,Compound,Horizontal Push,barbell,intermediate,0,0,Chest,Large,Heavy
51,t-bar row,upperbody,Compound,Horizontal Pull,barbell,intermediate,0,0,Middle Back,Large,Heavy
52,wide-grip decline barbell bench press,upperbody,Compound,Horizontal Push,barbell,intermediate,0,0,Chest,Large,Heavy
53,bent over one-arm long bar row,upperbody,Compound,Horizontal Pull,barbell,beginner,0,0,Middle Back,Large,Heavy
54,bent over two-arm long bar row,upperbody,Compound,Horizontal Pull,barbell,intermediate,0,0,Middle Back,Large,Heavy
55,one-arm long bar row,upperbody,Compound,Horizontal Pull,barbell,beginner,0,0,Middle Back,Large,Heavy
56,barbell bench press - medium grip,upperbody,Compound,Horizontal Push,barbell,beginner,0,0,Chest,Large,Heavy
57,reverse grip bent-over rows,upperbody,Compound,Horizontal Pull,barbell,intermediate,0,0,Middle Back,Large,Heavy
58,t-bar row with handle,upperbody,Compound,Horizontal Pull,barbell,beginner,0,0,Middle Back,Large,Heavy
59,barbell RDL,upperbody,Compound,Hinge,barbell,beginner,6,3,Middle Back,Large,Heavy
60,barbell bench press,upperbody,Compound,Horizontal Push,barbell,beginner,3,6,Chest,Large,Heavy
61,barbell bentover row,upperbody,Compound,Horizontal Pull,barbell,beginner,6,4,Middle Back,Large,Heavy
62,barbell incline press,upperbody,Compound,Horizontal Push,barbell,beginner,3,5,Chest,Large,Heavy
63,barbell overhead press,upperbody,Compound,Vertical Push,barbell,beginner,6,3,Middle Back,Large,Heavy
64,half-kneeling dumbbell shoulder press,upperbody,Compound,Vertical Push,dumbbell,intermediate,0,0,Shoulders,Medium,Moderate
65,one-arm kettlebell split snatch,upperbody,Compound,Vertical Pull,kettlebells,expert,0,0,Shoulders,Medium,Moderate
66,kettlebell seesaw press,upperbody,Compound,Vertical Push,kettlebells,intermediate,0,0,Shoulders,Medium,Moderate
67,double kettlebell snatch,upperbody,Compound,Vertical Pull,kettlebells,expert,0,0,Shoulders,Medium,Moderate
68,bar throw and press,upperbody,Compound,Horizontal Push,machine,intermediate,0,0,Chest,Medium,Moderate
69,dumbbell squat to shoulder press,upperbody,Compound,Vertical Push,dumbbell,intermediate,0,0,Shoulders,Medium,Moderate
70,one-arm kettlebell split jerk,upperbody,Compound,Vertical Push,kettlebells,intermediate,0,0,Shoulders,Medium,Moderate
71,one-arm kettlebell jerk,upperbody,Compound,Vertical Push,kettlebells,intermediate,0,0,Shoulders,Medium,Moderate
72,two-arm kettlebell jerk,upperbody,Compound,Vertical Push,kettlebells,intermediate,0,0,Shoulders,Medium,Moderate
73,one-arm kettlebell floor press,upperbody,Compound,Horizontal Push,kettlebells,intermediate,0,0,Chest,Medium,Moderate
74,one-arm kettlebell para press,upperbody,Compound,Vertical Push,kettlebells,intermediate,0,0,Shoulders,Medium,Moderate
75,one-arm kettlebell military press to the side,upperbody,Compound,Vertical Push,kettlebells,intermediate,0,0,Shoulders,Medium,Moderate
76,extended range one-arm kettlebell floor press,upperbody,Compound,Horizontal Push,kettlebells,beginner,0,0,Chest,Medium,Moderate
77,alternating floor press,upperbody,Compound,Horizontal Push,kettlebells,beginner,0,0,Chest,Medium,Moderate
78,kettlebell seated press,upperbody,Compound,Vertical Push,kettlebells,intermediate,0,0,Shoulders,Medium,Moderate
79,double kettlebell jerk,upperbody,Compound,Vertical Push,kettlebells,intermediate,0,0,Shoulders,Medium,Moderate
80,kettlebell arnold press,upperbody,Compound,Vertical Push,kettlebells,intermediate,0,0,Shoulders,Medium,Moderate
81,two-arm kettlebell row,upperbody,Compound,Horizontal Pull,kettlebells,intermediate,0,0,Middle Back,Medium,Moderate
82,smith machine decline press,upperbody,Compound,Horizontal Push,machine,beginner,0,0,Chest,Medium,Moderate
83,double kettlebell push press,upperbody,Compound,Vertical Push,kettlebells,intermediate,0,0,Shoulders,Medium,Moderate
84,see-saw press (alternating side press),upperbody,Compound,Vertical Push,dumbbell,intermediate,0,0,Shoulders,Medium,Moderate
85,alternating kettlebell row,upperbody,Compound,Horizontal Pull,kettlebells,intermediate,0,0,Middle Back,Medium,Moderate
86,leverage high row,upperbody,Compound,Horizontal Push,machine,beginner,0,0,Middle Back,Medium,Moderate
87,lying t-bar row,upperbody,Compound,Horizontal Pull,machine,intermediate,0,0,Middle Back,Medium,Moderate
88,cuban press,upperbody,Compound,Vertical Push,dumbbell,intermediate,0,0,Shoulders,Medium,Moderate
89,plyo kettlebell pushups,upperbody,Compound,Horizontal Push,kettlebells,expert,0,0,Chest,Medium,Moderate
90,reverse flyes with external rotation,upperbody,Compound,Horizontal Pull,dumbbell,intermediate,0,0,Shoulders,Medium,Moderate
91,smith machine bent over row,upperbody,Compound,Vertical Pull,machine,beginner,0,0,Middle Back,Medium,Moderate
92,machine shoulder (military) press,upperbody,Compound,Vertical Push,machine,beginner,0,0,Shoulders,Medium,Moderate
93,smith machine incline bench press,upperbody,Compound,Horizontal Push,machine,beginner,0,0,Chest,Medium,Moderate
94,suitcase dumbbell carry,upperbody,Compound,Carry,dumbbell,beginner,0,0,Shoulders,Medium,Moderate
95,dumbbell one-arm upright row,upperbody,Compound,Horizontal Pull,dumbbell,intermediate,0,0,Shoulders,Medium,Moderate
96,kettlebell turkish get-up (lunge style),upperbody,Compound,Vertical Pull,kettlebells,intermediate,0,0,Shoulders,Medium,Moderate
97,machine-assisted pull-up,upperbody,Compound,Vertical Pull,machine,beginner,0,0,Lats,Medium,Moderate
98,one-arm kettlebell row,upperbody,Compound,Horizontal Pull,kettlebells,intermediate,0,0,Middle Back,Medium,Moderate
99,iron cross,upperbody,Compound,,dumbbell,intermediate,0,0,Shoulders,Medium,Moderate
100,bent over two-dumbbell row,upperbody,Compound,Horizontal Pull,dumbbell,beginner,0,0,Middle Back,Medium,Moderate
101,smith machine bench press,upperbody,Compound,Horizontal Push,machine,beginner,0,0,Chest,Medium,Moderate
102,smith machine upright row,upperbody,Compound,Vertical Pull,machine,beginner,0,0,Traps,Medium,Moderate
103,decline smith press,upperbody,Compound,Horizontal Push,machine,beginner,0,0,Chest,Medium,Moderate
104,one-arm kettlebell clean and jerk,upperbody,Compound,Vertical Push,kettlebells,intermediate,0,0,Shoulders,Medium,Moderate
105,smith machine close-grip bench press,upperbody,Compound,Horizontal Push,machine,beginner,0,0,Triceps,Medium,Moderate
106,close-grip dumbbell press,upperbody,Compound,Horizontal Push,dumbbell,beginner,0,0,Triceps,Medium,Moderate
107,tate press,upperbody,Compound,Arm Curl,dumbbell,intermediate,0,0,Triceps,Medium,Moderate
108,man maker,upperbody,Compound,Horizontal Push Vertical Push Horizontal Pull,dumbbell,intermediate,0,0,Middle Back,Medium,Moderate
109,incline dumbbell bench with palms facing in,upperbody,Compound,Horizontal Push,dumbbell,beginner,0,0,Chest,Medium,Moderate
110,straight-arm dumbbell pullover,upperbody,Compound,Vertical Push,dumbbell,intermediate,0,0,Chest,Medium,Moderate
111,one arm dumbbell bench press,upperbody,Compound,Horizontal Push,dumbbell,beginner,0,0,Chest,Medium,Moderate
112,bottoms-up clean from the hang position,upperbody,Compound,Arm Curl,kettlebells,intermediate,0,0,Forearm,Medium,Moderate
113,decline dumbbell bench press,upperbody,Compound,Horizontal Push,dumbbell,beginner,0,0,Chest,Medium,Moderate
114,alternating renegade row,upperbody,Compound,Horizontal Pull,kettlebells,expert,0,0,Middle Back,Medium,Moderate
115,kettlebell thruster,upperbody,Compound,Vertical Push,kettlebells,intermediate,0,0,Shoulders,Medium,Moderate
116,alternating kettlebell press,upperbody,Compound,Vertical Push,kettlebells,intermediate,0,0,Shoulders,Medium,Moderate
117,hammer grip incline db bench press,upperbody,Compound,Horizontal Push,dumbbell,beginner,0,0,Chest,Medium,Moderate
118,dumbbell seated box jump,upperbody,Compound,Pylometric,dumbbell,intermediate,0,0,Quadriceps,Medium,Moderate
119,one arm pronated dumbbell triceps extension,upperbody,Compound,,dumbbell,beginner,0,0,Triceps,Medium,Moderate
120,kettlebell turkish get-up (squat style),upperbody,Compound,Vertical Push,kettlebells,intermediate,0,0,Shoulders,Medium,Moderate
121,dumbbell rear delt row,upperbody,Compound,Horizontal Pull,dumbbell,beginner,0,0,Shoulders,Medium,Moderate
122,dumbbell bench press with neutral grip,upperbody,Compound,Horizontal Push,dumbbell,beginner,0,0,Chest,Medium,Moderate
123,leverage incline chest press,upperbody,Compound,Horizontal Push,machine,beginner,0,0,Chest,Medium,Moderate
124,two-arm kettlebell military press,upperbody,Compound,Vertical Push,kettlebells,intermediate,0,0,Shoulders,Medium,Moderate
125,dumbbell one-arm shoulder press,upperbody,Compound,Vertical Push,dumbbell,intermediate,0,0,Shoulders,Medium,Moderate
126,standing dumbbell upright row,upperbody,Compound,Vertical Pull,dumbbell,beginner,0,0,Traps,Medium,Moderate
127,kettlebell sumo high pull,upperbody,Compound,Vertical Pull,kettlebells,intermediate,0,0,Traps,Medium,Moderate
128,bent over two-dumbbell row with palms in,upperbody,Compound,Horizontal Pull,dumbbell,beginner,0,0,Middle Back,Medium,Moderate
129,dumbbell incline row,upperbody,Compound,Horizontal Pull,dumbbell,beginner,0,0,Middle Back,Medium,Moderate
130,incline dumbbell press reverse-grip,upperbody,Compound,Horizontal Push,dumbbell,intermediate,0,0,Chest,Medium,Moderate
131,leverage shoulder press,upperbody,Compound,Vertical Push,machine,beginner,0,0,Shoulders,Medium,Moderate
132,bent press,upperbody,Compound,Hinge,kettlebells,expert,0,0,Abs,Medium,Moderate
133,smith machine overhead shoulder press,upperbody,Compound,Vertical Push,machine,beginner,0,0,Shoulders,Medium,Moderate
134,arnold dumbbell press,upperbody,Compound,Vertical Push,dumbbell,intermediate,0,0,Shoulders,Medium,Moderate
135,single dumbbell raise,upperbody,Compound,Vertical Pull,dumbbell,beginner,0,0,Shoulders,Medium,Moderate
136,dumbbell shoulder press,upperbody,Compound,Vertical Push,dumbbell,intermediate,0,0,Shoulders,Medium,Moderate
137,standing alternating dumbbell press,upperbody,Compound,Vertical Push,dumbbell,beginner,0,0,Shoulders,Medium,Moderate
138,one-arm dumbbell row,upperbody,Compound,Horizontal Pull,dumbbell,beginner,0,0,Middle Back,Medium,Moderate
139,alternating deltoid raise,upperbody,Compound,,dumbbell,beginner,0,0,Shoulders,Medium,Moderate
140,incline dumbbell press,upperbody,Compound,Horizontal Push,dumbbell,beginner,0,0,Chest,Medium,Moderate
141,standing dumbbell press,upperbody,Compound,Vertical Push,dumbbell,beginner,0,0,Shoulders,Medium,Moderate
142,seated dumbbell press,upperbody,Compound,Vertical Push,dumbbell,beginner,0,0,Shoulders,Medium,Moderate
143,dumbbell flyes,upperbody,Compound,Horizontal Pull,dumbbell,beginner,0,0,Chest,Medium,Moderate
144,power partials,upperbody,Compound,,dumbbell,beginner,0,0,Shoulders,Medium,Moderate
145,romanian deadlift with dumbbells,upperbody,Compound,Hinge,dumbbell,intermediate,0,0,Hamstrings,Medium,Moderate
146,dumbbell floor press,upperbody,Compound,Horizontal Push,dumbbell,intermediate,0,0,Triceps,Medium,Moderate
147,standing palms-in dumbbell press,upperbody,Compound,Vertical Push,dumbbell,intermediate,0,0,Shoulders,Medium,Moderate
148,one-arm kettlebell push press,upperbody,Compound,Vertical Push,kettlebells,intermediate,0,0,Shoulders,Medium,Moderate
149,dumbbell bench press,upperbody,Compound,Horizontal Push,dumbbell,beginner,0,0,Chest,Medium,Moderate
150,side laterals to front raise,upperbody,Compound,,dumbbell,beginner,0,0,Shoulders,Medium,Moderate
151,standing palm-in one-arm dumbbell press,upperbody,Compound,Vertical Push,dumbbell,beginner,0,0,Shoulders,Medium,Moderate
152,dumbbell clean and jerk,upperbody,Compound,Vertical Push,dumbbell,expert,0,0,Shoulders,Medium,Moderate
153,dumbbell incline bench press,upperbody,Compound,Horizontal Push,dumbbell,beginner,10,3,Chest,Medium,Moderate
154,weighted chin up,upperbody,Compound,Vertical Pull,dumbbell,beginner,12,3,Middle Back,Medium,Moderate
155,Chest Support Row,upperbody,Compound,Horizontal Pull,dumbbell,beginner,10,3,Middle Back,Medium,Moderate
156,weighted pullups,upperbody,Compound,Vertical Pull,pullup bar,beginner,8,3,Traps,Medium,Moderate
157,Chest Support Row,upperbody,Compound,Horizontal Pull,dumbbell,beginner,12,3,Middle Back,Medium,Moderate
158,Chest Support Row,upperbody,Compound,Horizontal Pull,dumbbell,beginner,14,3,Middle Back,Medium,Moderate
159,Chest Support Row,upperbody,Compound,Horizontal Pull,dumbbell,beginner,15,3,Middle Back,Medium,Moderate
160,wide-hands push-up,upperbody,Isolation,Horizontal Push,body-only,beginner,0,0,Chest,Small,Light
161,bosu ball push-up,upperbody,Isolation,Horizontal Push,exercise-ball,intermediate,0,0,Chest,Small,Light
162,wall shoulder tap,upperbody,Isolation,Calisthenic,body-only,intermediate,0,0,Shoulders,Small,Light
163,punches,upperbody,Isolation,Cardio,body-only,beginner,0,0,Shoulders,Small,Light
164,incline push-up reverse grip,upperbody,Isolation,Horizontal Push Calisthenic,body-only,beginner,0,0,Chest,Small,Light
165,isometric chest squeezes,upperbody,Isolation,Pylometric,body-only,beginner,0,0,Chest,Small,Light
166,smith machine one-arm upright row,upperbody,Isolation,Vertical Pull,machine,beginner,0,0,Shoulders,Small,Light
167,machine lateral raise,upperbody,Isolation,Horizontal Pull,machine,beginner,0,0,Shoulders,Small,Light
168,bear crawl shoulder tap,upperbody,Isolation,Calisthenic,body-only,intermediate,0,0,Shoulders,Small,Light
169,seated back extension,upperbody,Isolation,Hinge,machine,beginner,0,0,Lower Back,Small,Light
170,reverse machine flyes,upperbody,Isolation,Horizontal Pull,machine,beginner,0,0,Shoulders,Small,Light
171,machine bench press,upperbody,Isolation,Horizontal Push,machine,beginner,0,0,Chest,Small,Light
172,close-grip push-up off of a dumbbell,upperbody,Isolation,Horizontal Push,body-only,intermediate,0,0,Triceps,Small,Light
173,weighted ball hyperextension,upperbody,Isolation,Hinge,exercise-ball,intermediate,0,0,Lower Back,Small,Light
174,machine triceps extension,upperbody,Isolation,Horizontal Push,machine,beginner,0,0,Triceps,Small,Light
175,smith machine behind the back shrug,upperbody,Isolation,Vertical Pull,machine,beginner,0,0,Traps,Small,Light
176,leverage decline chest press,upperbody,Isolation,Horizontal Push,machine,beginner,0,0,Chest,Small,Light
177,leverage iso row,upperbody,Isolation,Horizontal Pull,machine,beginner,0,0,Lats,Small,Light
178,close-grip ez-bar curl with band,upperbody,Isolation,Arm Curl,e-z-curl-bar,beginner,0,0,Biceps,Small,Light
179,lying close-grip barbell triceps press to chin,upperbody,Isolation,Horizontal Push,e-z-curl-bar,intermediate,0,0,Triceps,Small,Light
180,lying triceps press,upperbody,Isolation,Horizontal Push,e-z-curl-bar,intermediate,0,0,Triceps,Small,Light
181,body-up,upperbody,Isolation,Horizontal Push,body-only,intermediate,0,0,Triceps,Small,Light
182,leverage chest press,upperbody,Isolation,Horizontal Push,machine,beginner,0,0,Chest,Small,Light
183,butterfly,upperbody,Isolation,Horizontal Push,machine,beginner,0,0,Chest,Small,Light
184,machine preacher curls,upperbody,Isolation,Horizontal Pull,machine,beginner,0,0,Biceps,Small,Light
185,calf-machine shoulder shrug,upperbody,Isolation,Vertical Push,machine,beginner,0,0,Traps,Small,Light
186,dip machine,upperbody,Isolation,Vertical Push,machine,beginner,0,0,Triceps,Small,Light
187,hyperextensions with no hyperextension bench,upperbody,Isolation,Hinge,body-only,intermediate,0,0,Lower Back,Small,Light
188,bosu ball crunch,upperbody,Isolation,Hinge,exercise-ball,beginner,0,0,Abs,Small,Light
189,weighted ball side bend,upperbody,Isolation,Calisthenic,exercise-ball,intermediate,0,0,Abs,Small,Light
190,reverse barbell preacher curls,upperbody,Isolation,Horizontal Pull,e-z-curl-bar,intermediate,0,0,Biceps,Small,Light
191,ez-bar skullcrusher,upperbody,Isolation,Horizontal Push,e-z-curl-bar,beginner,0,0,Triceps,Small,Light
192,ab crunch machine,upperbody,Isolation,,machine,intermediate,0,0,Abs,Small,Light
193,smith machine hip raise,upperbody,Isolation,,machine,beginner,0,0,Abs,Small,Light
194,exercise ball crunch,upperbody,Isolation,,exercise-ball,beginner,0,0,Abs,Small,Light
195,machine bicep curl,upperbody,Isolation,Arm Curl,machine,beginner,0,0,Biceps,Small,Light
196,leverage shrug,upperbody,Isolation,Vertical Pull,machine,beginner,0,0,Traps,Small,Light
197,ez-bar curl,upperbody,Isolation,Arm Curl,e-z-curl-bar,beginner,0,0,Biceps,Small,Light
198,exercise ball pull-in,upperbody,Isolation,,exercise-ball,beginner,0,0,Abs,Small,Light
199,spider curl,upperbody,Isolation,Arm Curl,e-z-curl-bar,beginner,0,0,Biceps,Small,Light
200,smith machine shrug,upperbody,Isolation,Vertical Pull,machine,beginner,0,0,Traps,Small,Light
201,dips - triceps version,upperbody,Isolation,,body-only,beginner,0,0,Triceps,Small,Light
202,Face Pulls,upperbody,Isolation,Horizontal Pull,cables,beginner,12,3,Middle Back,Small,Light
203,barbell front-to-back squat,lowerbody,Compound,Squat,barbell,intermediate,0,0,Quadriceps,Largest,Heaviest
204,front squat (clean grip),lowerbody,Compound,Squat,barbell,intermediate,0,0,Quadriceps,Largest,Heaviest
205,reverse band deadlift,lowerbody,Compound,Hinge,barbell,expert,0,0,Lower Back,Largest,Heaviest
206,front squat (bodybuilder),lowerbody,Compound,Squat,barbell,intermediate,0,0,Quadriceps,Largest,Heaviest
207,front-to-back squat with belt,lowerbody,Compound,Squat,barbell,intermediate,0,0,Quadriceps,Largest,Heaviest
208,speed box squat,lowerbody,Compound,Squat,barbell,intermediate,0,0,Quadriceps,Largest,Heaviest
209,power snatch from blocks,lowerbody,Compound,Hinge,barbell,intermediate,0,0,Quadriceps,Largest,Heaviest
210,snatch pull,lowerbody,Compound,Hinge,barbell,intermediate,0,0,Hamstrings,Largest,Heaviest
211,heaving snatch balance,lowerbody,Compound,Squat,barbell,intermediate,0,0,Quadriceps,Largest,Heaviest
212,snatch balance,lowerbody,Compound,Squat,barbell,intermediate,0,0,Quadriceps,Largest,Heaviest
213,hanging bar good morning,lowerbody,Compound,Hinge,barbell,intermediate,0,0,Hamstrings,Largest,Heaviest
214,stiff-legged deadlift,lowerbody,Compound,Hinge,barbell,intermediate,0,0,Hamstrings,Largest,Heaviest
215,snatch from blocks,lowerbody,Compound,Squat,barbell,expert,0,0,Quadriceps,Largest,Heaviest
216,split clean,lowerbody,Compound,Squat,barbell,intermediate,0,0,Quadriceps,Largest,Heaviest
217,reverse band sumo deadlift,lowerbody,Compound,Squat,barbell,expert,0,0,Hamstrings,Largest,Heaviest
218,sumo deadlift with bands,lowerbody,Compound,Hinge,barbell,intermediate,0,0,Hamstrings,Largest,Heaviest
219,squat jerk,lowerbody,Compound,Squat,barbell,expert,0,0,Quadriceps,Largest,Heaviest
220,hang snatch - below knees,lowerbody,Compound,Squat,barbell,expert,0,0,Hamstrings,Largest,Heaviest
221,reverse band power squat,lowerbody,Compound,Squat,barbell,expert,0,0,Quadriceps,Largest,Heaviest
222,muscle snatch,lowerbody,Compound,Hinge,barbell,intermediate,0,0,Hamstrings,Largest,Heaviest
223,squat with bands,lowerbody,Compound,Squat,barbell,intermediate,0,0,Quadriceps,Largest,Heaviest
224,box squat with chains,lowerbody,Compound,Squat,barbell,expert,0,0,Quadriceps,Largest,Heaviest
225,good morning off pins,lowerbody,Compound,Hinge,barbell,intermediate,0,0,Hamstrings,Largest,Heaviest
226,front barbell squat to a bench,lowerbody,Compound,Squat,barbell,expert,0,0,Quadriceps,Largest,Heaviest
227,squat with plate movers,lowerbody,Compound,Squat,barbell,intermediate,0,0,Quadriceps,Largest,Heaviest
228,barbell squat to a bench,lowerbody,Compound,Squat,barbell,expert,0,0,Quadriceps,Largest,Heaviest
229,clean pull,lowerbody,Compound,Squat,barbell,intermediate,0,0,Quadriceps,Largest,Heaviest
230,one-arm side deadlift,lowerbody,Compound,Hinge,barbell,expert,0,0,Quadriceps,Largest,Heaviest
231,speed squats,lowerbody,Compound,Squat,barbell,expert,0,0,Quadriceps,Largest,Heaviest
232,frankenstein squat,lowerbody,Compound,Squat,barbell,intermediate,0,0,Quadriceps,Largest,Heaviest
233,sumo deadlift with chains,lowerbody,Compound,Hinge,barbell,intermediate,0,0,Hamstrings,Largest,Heaviest
234,overhead squat,lowerbody,Compound,Squat,barbell,expert,0,0,Quadriceps,Largest,Heaviest
235,jefferson squats,lowerbody,Compound,Squat,barbell,intermediate,0,0,Quadriceps,Largest,Heaviest
236,romanian deadlift,lowerbody,Compound,Hinge,barbell,intermediate,0,0,Hamstrings,Largest,Heaviest
237,jerk dip squat,lowerbody,Compound,Squat,barbell,intermediate,0,0,Quadriceps,Largest,Heaviest
238,zercher squats,lowerbody,Compound,Squat,barbell,expert,0,0,Quadriceps,Largest,Heaviest
239,power jerk,lowerbody,Compound,Squat,barbell,expert,0,0,Quadriceps,Largest,Heaviest
240,wide-stance barbell squat,lowerbody,Compound,Squat,barbell,beginner,0,0,Glutes,Largest,Heaviest
241,stiff-legged barbell deadlift,lowerbody,Compound,Hinge,barbell,intermediate,0,0,Hamstrings,Largest,Heaviest
242,barbell thruster,lowerbody,Compound,Squat,barbell,intermediate,0,0,Quadriceps,Largest,Heaviest
243,weighted sissy squat,lowerbody,Compound,Squat,barbell,expert,0,0,Quadriceps,Largest,Heaviest
244,deadlift with chains,lowerbody,Compound,Hinge,barbell,expert,0,0,Lower Back,Largest,Heaviest
245,hang clean - below the knees,lowerbody,Compound,Hinge,barbell,intermediate,0,0,Quadriceps,Largest,Heaviest
246,good morning,lowerbody,Compound,Hinge,barbell,intermediate,0,0,Hamstrings,Largest,Heaviest
247,barbell hack squat,lowerbody,Compound,Squat,barbell,intermediate,0,0,Quadriceps,Largest,Heaviest
248,wide stance stiff legs,lowerbody,Compound,Hinge,barbell,intermediate,0,0,Hamstrings,Largest,Heaviest
249,clean,lowerbody,Compound,Squat,barbell,intermediate,0,0,Hamstrings,Largest,Heaviest
250,kneeling squat,lowerbody,Compound,Squat,barbell,intermediate,0,0,Glutes,Largest,Heaviest
251,hang snatch,lowerbody,Compound,Squat,barbell,expert,0,0,Hamstrings,Largest,Heaviest
252,power clean,lowerbody,Compound,Squat,barbell,intermediate,0,0,Hamstrings,Largest,Heaviest
253,snatch deadlift,lowerbody,Compound,Squat,barbell,intermediate,0,0,Hamstrings,Largest,Heaviest
254,barbell squat,lowerbody,Compound,Squat,barbell,beginner,0,0,Quadriceps,Largest,Heaviest
255,squat with chains,lowerbody,Compound,Squat,barbell,intermediate,0,0,Quadriceps,Largest,Heaviest
256,front barbell squat,lowerbody,Compound,Squat,barbell,expert,0,0,Quadriceps,Largest,Heaviest
257,box squat with bands,lowerbody,Compound,Squat,barbell,expert,0,0,Quadriceps,Largest,Heaviest
258,power clean from blocks,lowerbody,Compound,Squat,barbell,intermediate,0,0,Hamstrings,Largest,Heaviest
259,barbell hip thrust,lowerbody,Compound,Hinge,barbell,intermediate,0,0,Glutes,Largest,Heaviest
260,narrow stance squats,lowerbody,Compound,Squat,barbell,intermediate,0,0,Quadriceps,Largest,Heaviest
261,olympic squat,lowerbody,Compound,Squat,barbell,intermediate,0,0,Quadriceps,Largest,Heaviest
262,romanian deadlift from deficit,lowerbody,Compound,Hinge,barbell,intermediate,0,0,Hamstrings,Largest,Heaviest
263,reverse band box squat,lowerbody,Compound,Squat,barbell,intermediate,0,0,Quadriceps,Largest,Heaviest
264,sumo deadlift,lowerbody,Compound,Hinge,barbell,intermediate,0,0,Hamstrings,Largest,Heaviest
265,hang clean,lowerbody,Compound,Squat,barbell,intermediate,0,0,Quadriceps,Largest,Heaviest
266,clean deadlift,lowerbody,Compound,Squat,barbell,beginner,0,0,Hamstrings,Largest,Heaviest
267,box squat,lowerbody,Compound,Squat,barbell,intermediate,0,0,Quadriceps,Largest,Heaviest
268,barbell full squat,lowerbody,Compound,Squat,barbell,intermediate,0,0,Quadriceps,Largest,Heaviest
269,barbell glute bridge,lowerbody,Compound,Hinge,barbell,intermediate,0,0,Glutes,Largest,Heaviest
270,barbell deadlift,lowerbody,Compound,Hinge,barbell,intermediate,0,0,Hamstrings,Largest,Heaviest
271,deficit deadlift,lowerbody,Compound,Hinge,barbell,intermediate,0,0,Lower Back,Largest,Heaviest
272,barbell back squat,lowerbody,Compound,Squat,barbell,beginner,6,5,Quadriceps,Largest,Heaviest
273,barbell deadlift,lowerbody,Compound,Hinge,barbell,beginner,3,5,Hamstrings,Largest,Heaviest
274,barbell front squat,lowerbody,Compound,Squat,barbell,beginner,6,3,Quadriceps,Largest,Heaviest
275,barbell back squat,lowerbody,Compound,Squat,barbell,beginner,5,5,Quadriceps,Largest,Heaviest
276,barbell back squat,lowerbody,Compound,Squat,barbell,beginner,4,5,Quadriceps,Largest,Heaviest
277,barbell back squat,lowerbody,Compound,Squat,barbell,beginner,3,5,Quadriceps,Largest,Heaviest
278,barbell front-to-back squat,lowerbody,Compound,Squat,barbell,intermediate,0,0,Quadriceps,Large,Heavy
279,front squat (clean grip),lowerbody,Compound,Squat,barbell,intermediate,0,0,Quadriceps,Large,Heavy
280,reverse band deadlift,lowerbody,Compound,Hinge,barbell,expert,0,0,Lower Back,Large,Heavy
281,front squat (bodybuilder),lowerbody,Compound,Squat,barbell,intermediate,0,0,Quadriceps,Large,Heavy
282,front-to-back squat with belt,lowerbody,Compound,Squat,barbell,intermediate,0,0,Quadriceps,Large,Heavy
283,speed box squat,lowerbody,Compound,Squat,barbell,intermediate,0,0,Quadriceps,Large,Heavy
284,power snatch from blocks,lowerbody,Compound,Hinge,barbell,intermediate,0,0,Quadriceps,Large,Heavy
285,snatch pull,lowerbody,Compound,Hinge,barbell,intermediate,0,0,Hamstrings,Large,Heavy
286,heaving snatch balance,lowerbody,Compound,Squat,barbell,intermediate,0,0,Quadriceps,Large,Heavy
287,snatch balance,lowerbody,Compound,Squat,barbell,intermediate,0,0,Quadriceps,Large,Heavy
288,hanging bar good morning,lowerbody,Compound,Hinge,barbell,intermediate,0,0,Hamstrings,Large,Heavy
289,stiff-legged deadlift,lowerbody,Compound,Hinge,barbell,intermediate,0,0,Hamstrings,Large,Heavy
290,snatch from blocks,lowerbody,Compound,Squat,barbell,expert,0,0,Quadriceps,Large,Heavy
291,split clean,lowerbody,Compound,Squat,barbell,intermediate,0,0,Quadriceps,Large,Heavy
292,reverse band sumo deadlift,lowerbody,Compound,Squat,barbell,expert,0,0,Hamstrings,Large,Heavy
293,sumo deadlift with bands,lowerbody,Compound,Hinge,barbell,intermediate,0,0,Hamstrings,Large,Heavy
294,squat jerk,lowerbody,Compound,Squat,barbell,expert,0,0,Quadriceps,Large,Heavy
295,hang snatch - below knees,lowerbody,Compound,Squat,barbell,expert,0,0,Hamstrings,Large,Heavy
296,reverse band power squat,lowerbody,Compound,Squat,barbell,expert,0,0,Quadriceps,Large,Heavy
297,muscle snatch,lowerbody,Compound,Hinge,barbell,intermediate,0,0,Hamstrings,Large,Heavy
298,squat with bands,lowerbody,Compound,Squat,barbell,intermediate,0,0,Quadriceps,Large,Heavy
299,box squat with chains,lowerbody,Compound,Squat,barbell,expert,0,0,Quadriceps,Large,Heavy
300,good morning off pins,lowerbody,Compound,Hinge,barbell,intermediate,0,0,Hamstrings,Large,Heavy
301,front barbell squat to a bench,lowerbody,Compound,Squat,barbell,expert,0,0,Quadriceps,Large,Heavy
302,squat with plate movers,lowerbody,Compound,Squat,barbell,intermediate,0,0,Quadriceps,Large,Heavy
303,barbell squat to a bench,lowerbody,Compound,Squat,barbell,expert,0,0,Quadriceps,Large,Heavy
304,clean pull,lowerbody,Compound,Squat,barbell,intermediate,0,0,Quadriceps,Large,Heavy
305,one-arm side deadlift,lowerbody,Compound,Hinge,barbell,expert,0,0,Quadriceps,Large,Heavy
306,speed squats,lowerbody,Compound,Squat,barbell,expert,0,0,Quadriceps,Large,Heavy
307,frankenstein squat,lowerbody,Compound,Squat,barbell,intermediate,0,0,Quadriceps,Large,Heavy
308,sumo deadlift with chains,lowerbody,Compound,Hinge,barbell,intermediate,0,0,Hamstrings,Large,Heavy
309,overhead squat,lowerbody,Compound,Squat,barbell,expert,0,0,Quadriceps,Large,Heavy
310,jefferson squats,lowerbody,Compound,Squat,barbell,intermediate,0,0,Quadriceps,Large,Heavy
311,romanian deadlift,lowerbody,Compound,Hinge,barbell,intermediate,0,0,Hamstrings,Large,Heavy
312,jerk dip squat,lowerbody,Compound,Squat,barbell,intermediate,0,0,Quadriceps,Large,Heavy
313,zercher squats,lowerbody,Compound,Squat,barbell,expert,0,0,Quadriceps,Large,Heavy
314,power jerk,lowerbody,Compound,Squat,barbell,expert,0,0,Quadriceps,Large,Heavy
315,wide-stance barbell squat,lowerbody,Compound,Squat,barbell,beginner,0,0,Glutes,Large,Heavy
316,stiff-legged barbell deadlift,lowerbody,Compound,Hinge,barbell,intermediate,0,0,Hamstrings,Large,Heavy
317,barbell thruster,lowerbody,Compound,Squat,barbell,intermediate,0,0,Quadriceps,Large,Heavy
318,weighted sissy squat,lowerbody,Compound,Squat,barbell,expert,0,0,Quadriceps,Large,Heavy
319,deadlift with chains,lowerbody,Compound,Hinge,barbell,expert,0,0,Lower Back,Large,Heavy
320,hang clean - below the knees,lowerbody,Compound,Hinge,barbell,intermediate,0,0,Quadriceps,Large,Heavy
321,good morning,lowerbody,Compound,Hinge,barbell,intermediate,0,0,Hamstrings,Large,Heavy
322,barbell hack squat,lowerbody,Compound,Squat,barbell,intermediate,0,0,Quadriceps,Large,Heavy
323,wide stance stiff legs,lowerbody,Compound,Hinge,barbell,intermediate,0,0,Hamstrings,Large,Heavy
324,clean,lowerbody,Compound,Squat,barbell,intermediate,0,0,Hamstrings,Large,Heavy
325,kneeling squat,lowerbody,Compound,Squat,barbell,intermediate,0,0,Glutes,Large,Heavy
326,hang snatch,lowerbody,Compound,Squat,barbell,expert,0,0,Hamstrings,Large,Heavy
327,power clean,lowerbody,Compound,Squat,barbell,intermediate,0,0,Hamstrings,Large,Heavy
328,snatch deadlift,lowerbody,Compound,Squat,barbell,intermediate,0,0,Hamstrings,Large,Heavy
329,barbell squat,lowerbody,Compound,Squat,barbell,beginner,0,0,Quadriceps,Large,Heavy
330,squat with chains,lowerbody,Compound,Squat,barbell,intermediate,0,0,Quadriceps,Large,Heavy
331,front barbell squat,lowerbody,Compound,Squat,barbell,expert,0,0,Quadriceps,Large,Heavy
332,box squat with bands,lowerbody,Compound,Squat,barbell,expert,0,0,Quadriceps,Large,Heavy
333,power clean from blocks,lowerbody,Compound,Squat,barbell,intermediate,0,0,Hamstrings,Large,Heavy
334,barbell hip thrust,lowerbody,Compound,Hinge,barbell,intermediate,0,0,Glutes,Large,Heavy
335,narrow stance squats,lowerbody,Compound,Squat,barbell,intermediate,0,0,Quadriceps,Large,Heavy
336,olympic squat,lowerbody,Compound,Squat,barbell,intermediate,0,0,Quadriceps,Large,Heavy
337,romanian deadlift from deficit,lowerbody,Compound,Hinge,barbell,intermediate,0,0,Hamstrings,Large,Heavy
338,reverse band box squat,lowerbody,Compound,Squat,barbell,intermediate,0,0,Quadriceps,Large,Heavy
339,sumo deadlift,lowerbody,Compound,Hinge,barbell,intermediate,0,0,Hamstrings,Large,Heavy
340,hang clean,lowerbody,Compound,Squat,barbell,intermediate,0,0,Quadriceps,Large,Heavy
341,clean deadlift,lowerbody,Compound,Squat,barbell,beginner,0,0,Hamstrings,Large,Heavy
342,box squat,lowerbody,Compound,Squat,barbell,intermediate,0,0,Quadriceps,Large,Heavy
343,barbell full squat,lowerbody,Compound,Squat,barbell,intermediate,0,0,Quadriceps,Large,Heavy
344,barbell glute bridge,lowerbody,Compound,Hinge,barbell,intermediate,0,0,Glutes,Large,Heavy
345,barbell deadlift,lowerbody,Compound,Hinge,barbell,intermediate,0,0,Hamstrings,Large,Heavy
346,deficit deadlift,lowerbody,Compound,Hinge,barbell,intermediate,0,0,Lower Back,Large,Heavy
347,barbell back squat,lowerbody,Compound,Squat,barbell,beginner,6,5,Quadriceps,Large,Heavy
348,barbell deadlift,lowerbody,Compound,Hinge,barbell,beginner,3,5,Hamstrings,Large,Heavy
349,barbell front squat,lowerbody,Compound,Squat,barbell,beginner,6,3,Quadriceps,Large,Heavy
350,barbell back squat,lowerbody,Compound,Squat,barbell,beginner,5,5,Quadriceps,Large,Heavy
351,barbell back squat,lowerbody,Compound,Squat,barbell,beginner,4,5,Quadriceps,Large,Heavy
352,barbell back squat,lowerbody,Compound,Squat,barbell,beginner,3,5,Quadriceps,Large,Heavy
353,reverse band deadlift,lowerbody,Compound,Hinge,barbell,expert,0,0,Lower Back,Medium,Moderate
354,split snatch,fullbody,Compound,Hinge,barbell,expert,0,0,Hamstrings,Medium,Moderate
355,power snatch from blocks,lowerbody,Compound,Hinge,barbell,intermediate,0,0,Quadriceps,Medium,Moderate
356,snatch pull,lowerbody,Compound,Hinge,barbell,intermediate,0,0,Hamstrings,Medium,Moderate
357,leverage deadlift,lowerbody,Compound,Hinge,machine,beginner,0,0,Quadriceps,Medium,Moderate
358,hanging bar good morning,lowerbody,Compound,Hinge,barbell,intermediate,0,0,Hamstrings,Medium,Moderate
359,barbell reverse lunge,lowerbody,Compound,Lunge,barbell,beginner,0,0,Quadriceps,Medium,Moderate
360,lunge sprint,lowerbody,Compound,Lunge,machine,intermediate,0,0,Quadriceps,Medium,Moderate
361,elevated back lunge,lowerbody,Compound,Lunge,barbell,intermediate,0,0,Quadriceps,Medium,Moderate
362,stiff-legged deadlift,lowerbody,Compound,Hinge,barbell,intermediate,0,0,Hamstrings,Medium,Moderate
363,sumo deadlift with bands,lowerbody,Compound,Hinge,barbell,intermediate,0,0,Hamstrings,Medium,Moderate
364,muscle snatch,lowerbody,Compound,Hinge,barbell,intermediate,0,0,Hamstrings,Medium,Moderate
365,good morning off pins,lowerbody,Compound,Hinge,barbell,intermediate,0,0,Hamstrings,Medium,Moderate
366,smith machine hang power clean,lowerbody,Compound,Hinge,machine,intermediate,0,0,Hamstrings,Medium,Moderate
367,stiff leg barbell good morning,upperbody,Compound,Hinge,barbell,beginner,0,0,Lower Back,Medium,Moderate
368,smith machine stiff-legged deadlift,lowerbody,Compound,Hinge,machine,beginner,0,0,Hamstrings,Medium,Moderate
369,one-arm side deadlift,lowerbody,Compound,Hinge,barbell,expert,0,0,Quadriceps,Medium,Moderate
370,rack pulls,upperbody,Compound,Hinge,barbell,intermediate,0,0,Lower Back,Medium,Moderate
371,sumo deadlift with chains,lowerbody,Compound,Hinge,barbell,intermediate,0,0,Hamstrings,Medium,Moderate
372,romanian deadlift,lowerbody,Compound,Hinge,barbell,intermediate,0,0,Hamstrings,Medium,Moderate
373,rack pull with bands,upperbody,Compound,Hinge,barbell,intermediate,0,0,Lower Back,Medium,Moderate
374,stiff-legged barbell deadlift,lowerbody,Compound,Hinge,barbell,intermediate,0,0,Hamstrings,Medium,Moderate
375,split jerk,lowerbody,Compound,Lunge,barbell,intermediate,0,0,Quadriceps,Medium,Moderate
376,glute ham raise,lowerbody,Compound,Hinge,machine,intermediate,0,0,Glutes,Medium,Moderate
377,deadlift with chains,lowerbody,Compound,Hinge,barbell,expert,0,0,Lower Back,Medium,Moderate
378,hang clean - below the knees,lowerbody,Compound,Hinge,barbell,intermediate,0,0,Quadriceps,Medium,Moderate
379,good morning,lowerbody,Compound,Hinge,barbell,intermediate,0,0,Hamstrings,Medium,Moderate
380,wide stance stiff legs,lowerbody,Compound,Hinge,barbell,intermediate,0,0,Hamstrings,Medium,Moderate
381,barbell step ups,lowerbody,Compound,Lunge,barbell,intermediate,0,0,Quadriceps,Medium,Moderate
382,deadlift with bands,upperbody,Compound,Hinge,barbell,expert,0,0,Lower Back,Medium,Moderate
383,barbell lunge,lowerbody,Compound,Lunge,barbell,intermediate,0,0,Quadriceps,Medium,Moderate
384,barbell hip thrust,lowerbody,Compound,Hinge,barbell,intermediate,0,0,Glutes,Medium,Moderate
385,barbell walking lunge,lowerbody,Compound,Lunge,barbell,beginner,0,0,Quadriceps,Medium,Moderate
386,romanian deadlift from deficit,lowerbody,Compound,Hinge,barbell,intermediate,0,0,Hamstrings,Medium,Moderate
387,sumo deadlift,lowerbody,Compound,Hinge,barbell,intermediate,0,0,Hamstrings,Medium,Moderate
388,barbell glute bridge,lowerbody,Compound,Hinge,barbell,intermediate,0,0,Glutes,Medium,Moderate
389,barbell deadlift,lowerbody,Compound,Hinge,barbell,intermediate,0,0,Hamstrings,Medium,Moderate
390,deficit deadlift,lowerbody,Compound,Hinge,barbell,intermediate,0,0,Lower Back,Medium,Moderate
391,barbell RDL,upperbody,Compound,Hinge,barbell,beginner,6,3,Middle Back,Medium,Moderate
392,barbell deadlift,lowerbody,Compound,Hinge,barbell,beginner,3,5,Hamstrings,Medium,Moderate
393,glute bridge hamstring walkout,lowerbody,Isolation,Leg Extension,body-only,beginner,0,0,Glutes,Small,Light
394,leg lift,lowerbody,Isolation,Leg Extension,body-only,beginner,0,0,Glutes,Small,Light
395,hip extension with bands,lowerbody,Isolation,Leg Extension,bands,beginner,0,0,Glutes,Small,Light
396,standing leg curl,lowerbody,Isolation,Leg Curl,machine,beginner,0,0,Hamstrings,Small,Light
397,single-leg leg extension,lowerbody,Isolation,Leg Extension,machine,beginner,0,0,Quadriceps,Small,Light
398,seated leg curl,lowerbody,Isolation,Leg Curl,machine,beginner,0,0,Hamstrings,Small,Light
399,reverse hyperextension,lowerbody,Isolation,Hinge,machine,intermediate,0,0,Hamstrings,Small,Light
400,glute kickback,lowerbody,Isolation,Hinge,body-only,beginner,0,0,Glutes,Small,Light
401,flutter kicks,lowerbody,Isolation,Calisthenic,body-only,beginner,0,0,Glutes,Small,Light
402,cable hip adduction,lowerbody,Isolation,Leg Extension,cable,beginner,0,0,Quadriceps,Small,Light
403,kettlebell one-legged deadlift,lowerbody,Isolation,Hinge,kettlebells,intermediate,0,0,Hamstrings,Small,Light
404,lateral band walk,lowerbody,Isolation,Leg Extension,bands,beginner,0,0,Abductors,Small,Light
405,lying leg curls,lowerbody,Isolation,Leg Curl,machine,beginner,0,0,Hamstrings,Small,Light
406,monster walk,lowerbody,Isolation,Calisthenic,bands,beginner,0,0,Abductors,Small,Light
407,dumbbell seated one-leg calf raise,lowerbody,Isolation,Leg Extension,dumbbell,beginner,0,0,Calves,Small,Light
408,fire hydrant,lowerbody,Isolation,Leg Extension,body-only,beginner,0,0,Abductors,Small,Light
409,smith machine reverse calf raises,lowerbody,Isolation,Leg Extension,machine,beginner,0,0,Calves,Small,Light
410,one-legged cable kickback,lowerbody,Isolation,Hinge,cable,intermediate,0,0,Glutes,Small,Light
411,natural glute ham raise,lowerbody,Isolation,Hinge,body-only,intermediate,0,0,Hamstrings,Small,Light
412,band hip adductions,lowerbody,Isolation,Leg Extension,bands,beginner,0,0,Adductors,Small,Light
413,calf press,lowerbody,Isolation,Leg Extension,machine,beginner,0,0,Calves,Small,Light
414,standing dumbbell calf raise,lowerbody,Isolation,Leg Extension,dumbbell,intermediate,0,0,Calves,Small,Light
415,standing calf raises,lowerbody,Isolation,Leg Extension,machine,beginner,0,0,Calves,Small,Light
416,calf press on the leg press machine,lowerbody,Isolation,Leg Extension,machine,beginner,0,0,Calves,Small,Light
417,seated calf raise,lowerbody,Isolation,Leg Extension,machine,beginner,0,0,Calves,Small,Light
418,thigh abductor,lowerbody,Isolation,Hinge,machine,beginner,0,0,Abductors,Small,Light
419,smith machine calf raise,lowerbody,Isolation,Leg Extension,machine,beginner,0,0,Calves,Small,Light
420,thigh adductor,lowerbody,Isolation,Leg Extension,machine,beginner,0,0,Adductors,Small,Light
421,leg curls,lowerbody,Isolation,Leg Curl,machine,beginner,12,3,Quadriceps,Small,Light
422,Leg Extension,lowerbody,Isolation,Leg Extension,machine,beginner,12,3,Quadriceps,Small,Light
